{"is_source_file": true, "format": "md", "description": ".md file: README.md", "external_files": [], "external_methods": [], "published": [], "classes": [], "methods": [], "calls": [], "search-terms": ["README.md", "md"], "state": 2, "filename": "README.md", "format-version": 4, "code-base-name": "https://github.com/kavia-common/simple-todo-application-6993-7005.git:kavia-main", "knowledge_revision": 3, "git_revision": "cdfd5c802c1f4f01d04158c8fd6927e09b624b9b", "revision_history": [{"3": "cdfd5c802c1f4f01d04158c8fd6927e09b624b9b"}]}